<?xml version='1.0' encoding='UTF-8' ?>
<timeLogEntries>
  <time id="34" path="/PSP0/PSP0/Test" start="@1603587516181" delta="152" comment="TestCases for RedBlackTree/AVLTree run properly" flag="A" />
  <time id="35" path="/PSP0/PSP0/Code" start="@1604187109666" delta="394" comment="Database/Person classes basic methos have been implemented" flag="A" />
  <time id="36" path="/PSP0/PSP0/Code" start="@1604270706654" delta="312" comment="Create/Modify/Delete windows implemented" flag="A" />
  <time id="37" path="/PSP0/PSP0/Compile" start="@1604364706622" delta="8" interrupt="5707" comment="Fixed issue related to persistance" flag="A" />
  <time id="38" path="/PSP0/PSP0/Compile" start="@1604707663525" delta="322" comment="Ui changes have been done to the UI" flag="A" />
  <time id="32" comment="Fixed error related to RedBlack add method" flag="M" />
  <time id="31" comment="RedBlack tree implemented" flag="M" />
  <time id="33" comment="AVLTree implemented" flag="M" />
  <time id="39" path="/PSP0/PSP0/Postmortem" start="@1604726972556" delta="10" comment="Update and modify functionalities present issues" flag="A" />
  <time id="40" flag="D" />
  <time id="41" flag="D" />
  <time id="42" flag="D" />
  <time id="43" flag="D" />
  <time id="44" path="/PSP0/PSP0/Design" start="@1604727564745" delta="193" comment="Steps 4, 5, 6 updated" flag="A" />
  <time id="45" flag="D" />
  <time id="46" path="/PSP0/PSP0/Planning" start="@1604739155157" delta="41" flag="A" />
  <time id="47" path="/PSP0/PSP0/Code" start="@1604741644612" delta="3" flag="A" />
</timeLogEntries>
