<?xml version='1.0' encoding='UTF-8' ?>
<timeLogEntries>
  <time id="1" path="/Proyecto/PSP0/Code" start="@1599420481000" delta="135" />
  <time id="2" path="/Proyecto/PSP0/Planning" start="@1599501919487" delta="54" />
  <time id="3" path="/Proyecto/PSP0/Code" start="@1599762411395" delta="22" />
  <time id="4" path="/Proyecto/PSP0/Code" start="@1599775005257" delta="28" />
  <time id="5" path="/Proyecto/PSP0/Planning" start="@1599788319061" delta="54" />
  <time id="6" path="/Proyecto/PSP0/Planning" start="@1599845854117" delta="21" />
  <time id="7" path="/Proyecto/PSP0/Planning" start="@1600464047439" delta="21" />
  <time id="8" path="/Proyecto/PSP0/Planning" start="@1600481967660" delta="16" />
  <time id="9" path="/Proyecto/PSP0/Planning" start="@1600750686985" delta="19" />
  <time id="10" path="/Proyecto/PSP0/Code" start="@1600751902055" delta="60" />
  <time id="11" path="/Proyecto/PSP0/Code" start="@1600751958180" delta="4" />
  <time id="12" path="/Proyecto/PSP0/Planning" start="@1600752196000" delta="3" />
  <time id="13" path="/Proyecto/PSP0/Planning" start="@1600756955783" delta="65" />
  <time id="14" path="/Proyecto/PSP0/Code" start="@1600797913647" delta="90" />
  <time id="15" path="/Proyecto/PSP0/Code" start="@1600905062884" delta="30" />
  <time id="16" path="/Proyecto/PSP0/Code" start="@1600905249727" delta="11" />
  <time id="17" path="/Proyecto/PSP0/Code" start="@1600908940939" delta="81" />
  <time id="18" path="/Proyecto/PSP0/Code" start="@1600921116386" delta="29" />
  <time id="19" path="/Proyecto/PSP0/Design" start="@1601078162170" delta="112" interrupt="5" />
  <time id="20" path="/Proyecto/PSP0/Design" start="@1601088439598" delta="120" />
  <time id="21" path="/Proyecto/PSP0/Code" start="@1601177778574" delta="90" />
  <time id="22" path="/Proyecto/PSP0/Code" start="@1601326016972" delta="80" />
  <time id="23" path="/Proyecto/PSP0/Code" start="@1601337835007" delta="150" />
  <time id="24" path="/Proyecto/PSP0/Compile" start="@1601350105459" delta="120" />
  <time id="25" path="/Proyecto/PSP0/Test" start="@1601350118000" delta="180" />
  <time id="26" path="/Proyecto/PSP0/Design" start="@1601351964328" delta="8" />
  <time id="27" path="/Proyecto/PSP0/Design" start="@1601353250838" delta="64" />
  <time id="28" path="/Proyecto/PSP0/Code" start="@1601362936541" delta="15" />
  <time id="29" path="/Proyecto/PSP0/Test" start="@1601363843823" delta="60" />
  <time id="30" path="/Proyecto/PSP0/Compile" start="@1601363850433" delta="30" />
  <time id="31" path="/Proyecto/PSP0/Planning" start="@1601363873499" delta="120" />
  <time id="32" path="/Proyecto/PSP0/Planning" start="@1601394102873" delta="194" />
  <time id="33" path="/Proyecto/PSP0/Planning" start="@1601417012924" delta="25" />
  <time id="34" path="/Proyecto/PSP0/Planning" start="@1601420621994" delta="12" interrupt="4" />
  <time id="35" path="/Proyecto/PSP0/Planning" start="@1601424395144" delta="15" />
  <time id="36" path="/Proyecto/PSP0/Planning" start="@1601426227409" delta="92" />
  <time id="37" path="/Proyecto/PSP0/Code" start="@1601441751494" delta="65" />
  <time id="38" path="/Proyecto/PSP0/Planning" start="@1601490915967" delta="120" />
  <time id="39" path="/Proyecto/PSP0/Planning" start="@1601491977677" delta="23" interrupt="5" />
  <time id="40" path="/Proyecto/PSP0/Design" start="@1601493669580" delta="55" />
  <time id="41" path="/Proyecto/PSP0/Design" start="@1601499078017" delta="16" />
  <time id="42" path="/Proyecto/PSP0/Design" start="@1601501008884" delta="2" />
  <time id="43" path="/Proyecto/PSP0/Design" start="@1601508094062" delta="69" />
  <time id="44" path="/Proyecto/PSP0/Test" start="@1601512839912" delta="37" />
  <time id="45" path="/Proyecto/PSP0/Planning" start="@1601515845512" delta="14" />
  <time id="46" path="/Proyecto/PSP0/Test" start="@1601517186608" delta="121" />
  <time id="47" path="/Proyecto/PSP0/Planning" start="@1601524422838" delta="40" />
  <time id="48" path="/People_database/PSP0/Planning" start="@1602440483541" delta="48" comment="Adding requeriments" />
  <time id="50" path="/People_database/PSP0/Planning" start="@1603066804714" delta="30" comment="Finishing requeriments and adding format to the doc" />
  <time id="51" path="/People_database/PSP0/Planning" start="@1603089259000" delta="55" comment="first phase finished, started phase 2 with searching how to autocomplete field" />
  <time id="52" path="/People_database/PSP0/Code" start="@1603232864907" delta="22" interrupt="2" comment="Adding AVL tree" />
  <time id="53" path="/People_database/PSP0/Planning" start="@1603235095332" delta="26" comment="Added information to the document" />
  <time id="54" path="/People_database/PSP0/Code" start="@1603244329598" delta="39" comment="Implement hierarchy of BST on AVL" />
  <time id="55" path="/People_database/PSP0/Code" start="@1603248383026" delta="27" comment="insert method in AVL almost finished" />
  <time id="56" path="/People_database/PSP0/Code" start="@1603420665000" delta="10" comment="adding delete method on AVL" />
  <time id="57" path="/People_database/PSP0/Code" start="@1603421997000" delta="193" comment="adding delete method and starting trie class" />
  <time id="59" path="/People_database/PSP0/Design" start="@1603485678350" delta="31" comment="Adding principal window and its controller" />
  <time id="60" path="/People_database/PSP0/Code" start="@1603517963411" delta="2" comment="implementing trie class" />
  <time id="61" path="/People_database/PSP0/Code" start="@1603518441000" delta="100" comment="implementing autocomplete based on datastructure trie" />
  <time id="62" path="/People_database/PSP0/Test" start="@1603858868380" delta="51" interrupt="7" comment="Implemented test for Trie's class" />
  <time id="63" path="/People_database/PSP0/Design" start="@1603862481680" delta="6" interrupt="1" comment="Working in autocomplete" />
  <time id="64" path="/People_database/PSP0/Design" start="@1603909021000" delta="7" comment="Working in autocomplete" />
  <time id="65" path="/People_database/PSP0/Design" start="@1603911562600" delta="1" comment="Working in autocomplete" />
  <time id="66" path="/People_database/PSP0/Design" start="@1603916910290" delta="13" comment="Implemented all tabs" />
  <time id="67" path="/People_database/PSP0/Design" start="@1603920736000" delta="20" interrupt="2" comment="Implemented all windows for all tabs" />
  <time id="68" path="/People_database/PSP0/Design" start="@1603929771689" delta="42" comment="redBlackDiagram implemented" />
  <time id="69" path="/People_database/PSP0/Design" start="@1603933543000" delta="23" comment="AVL diagram implemented" />
  <time id="70" path="/People_database/PSP0/Design" start="@1603935362000" delta="21" comment="BST diagram implemented" />
  <time id="71" path="/People_database/PSP0/Design" start="@1604008121465" delta="69" comment="auto complete working" />
  <time id="72" path="/People_database/PSP0/Planning" start="@1604026463000" delta="21" comment="Added more information in phases" />
  <time id="73" path="/People_database/PSP0/Code" start="@1604029253253" delta="20" comment="auto generate id added, also implemented createPerson's method" />
  <time id="74" path="/People_database/PSP0/Design" start="@1604339589276" delta="119" interrupt="4" comment="adding css and changing interface" />
  <time id="75" path="/People_database/PSP0/Code" start="@1604349991602" delta="15" comment="progressBar added" />
  <time id="76" path="/People_database/PSP0/Planning" start="@1604620645000" delta="92" comment="Added more phases in the engineering design" />
  <time id="77" path="/People_database/PSP0/Code" start="@1604645310901" delta="40" comment="persistence added" />
  <time id="78" path="/People_database/PSP0/Test" start="@1604714483005" delta="30" comment="Added test for model classes" />
</timeLogEntries>
